{"eval/runtime":8.3048,"_wandb":{"runtime":1007},"eval/steps_per_second":6.021,"train/learning_rate":8.888888888888889e-09,"eval/loss":0.04513061046600342,"_timestamp":1.7646431336642733e+09,"eval/samples_per_second":6.021,"train/loss":0.0421,"train_samples_per_second":1.379,"train/global_step":675,"train_steps_per_second":0.69,"train/grad_norm":0.7086676359176636,"_runtime":1007,"_step":73,"train_runtime":978.9372,"train_loss":0.05107378043510296,"total_flos":4.28547882645504e+16,"train/epoch":3}